{
  "rezwoan": {
    "created": 1766353175.9519079,
    "count": 30
  },
  "sowad": {
    "created": 1766353802.6859608,
    "count": 30
  }
}